0.02405136,0.1673196,-0.2528264,-0.4366682,0.7353148,-0.1671362,-0.4906104,
0.02405011,0.1673465,-0.2528472,-0.4366439,0.7353013,-0.1671543,-0.4906459,
0.02404971,0.1673454,-0.2528447,-0.4366523,0.7353044,-0.1671268,-0.4906434,
0.02404739,0.1673308,-0.2528382,-0.4366889,0.7353138,-0.1671266,-0.4905967,
0.0240503,0.1673262,-0.2528346,-0.4366915,0.7353112,-0.1671239,-0.4905993,
0.02405078,0.1673252,-0.2528304,-0.4367174,0.7353078,-0.1671118,-0.4905855,
0.02404688,0.1673371,-0.252843,-0.4366827,0.7353016,-0.1671308,-0.4906191,
0.02405212,0.1673347,-0.2528371,-0.4366761,0.7353009,-0.1671268,-0.4906275,
0.02405219,0.1673203,-0.2528254,-0.4366997,0.7352933,-0.167158,-0.490607,
0.02404883,0.1673236,-0.2528317,-0.4366631,0.7353045,-0.1671415,-0.4906287,
0.02405184,0.1673157,-0.2528231,-0.4367102,0.7353054,-0.1671143,-0.4905947,
0.02405173,0.1673148,-0.2528253,-0.4367128,0.7352998,-0.1671409,-0.4905916,
0.02405411,0.1673248,-0.2528265,-0.4366527,0.7353057,-0.1671326,-0.4906391,
0.02404944,0.1673181,-0.2528228,-0.436682,0.7353088,-0.1671093,-0.4906163,
0.02404992,0.167319,-0.2528234,-0.4366628,0.7353174,-0.1671255,-0.4906149,
0.02404983,0.1673163,-0.2528194,-0.436656,0.735307,-0.1671391,-0.4906319,
0.02405104,0.1673125,-0.2528166,-0.4366875,0.7352977,-0.1671357,-0.490619,
0.02405224,0.1673188,-0.2528269,-0.4366953,0.7352948,-0.1671302,-0.4906183,
0.02404792,0.1673196,-0.2528253,-0.436707,0.7353021,-0.1671328,-0.4905961,
0.02404761,0.1673495,-0.252851,-0.4366776,0.7353081,-0.1671136,-0.4906198,
0.02405255,0.1673176,-0.2528254,-0.4366964,0.735296,-0.1671312,-0.4906153,
0.02405282,0.1673327,-0.2528346,-0.4366651,0.7352909,-0.1671571,-0.4906419,
0.02404886,0.1673225,-0.2528306,-0.4366759,0.7353122,-0.1671117,-0.4906157,
0.02405294,0.1673419,-0.2528434,-0.4366537,0.7353145,-0.1671074,-0.4906335,
0.02405075,0.1673221,-0.2528279,-0.4366789,0.7353054,-0.1671431,-0.4906126,
0.02405147,0.1673245,-0.2528294,-0.4367193,0.7352962,-0.1671094,-0.4906019,
0.02405128,0.1673403,-0.2528378,-0.4366487,0.7353104,-0.1671389,-0.4906333,
0.02405098,0.1673247,-0.2528281,-0.436686,0.7353078,-0.1671258,-0.4906086,
0.02405143,0.167329,-0.2528356,-0.4366903,0.7353103,-0.1671176,-0.4906038,
0.02405019,0.1673225,-0.2528252,-0.4366893,0.7352962,-0.1671475,-0.4906156,
0.0240562,0.1673284,-0.2528261,-0.4366247,0.7353178,-0.1671387,-0.4906439,
0.02405234,0.167328,-0.2528334,-0.4366897,0.7353042,-0.1671178,-0.4906135,
0.02404977,0.1673329,-0.2528386,-0.4367038,0.7353019,-0.1671194,-0.4906037,
0.02405071,0.1673275,-0.2528316,-0.4366841,0.7353079,-0.1671318,-0.4906081,
0.02405562,0.1673244,-0.2528259,-0.4366623,0.7353154,-0.1671082,-0.4906244,
0.02405281,0.167327,-0.2528295,-0.4367038,0.7352939,-0.1671295,-0.4906122,
0.02405324,0.1673373,-0.2528363,-0.4366721,0.7353068,-0.167123,-0.4906234,
0.02405106,0.1673484,-0.2528505,-0.4366819,0.735294,-0.1671085,-0.4906388,
0.02405084,0.167318,-0.2528199,-0.4366894,0.7352959,-0.1671305,-0.4906218,
0.02405533,0.1673355,-0.2528352,-0.4366363,0.735319,-0.1671169,-0.4906391,
0.02405271,0.1673224,-0.252827,-0.4366881,0.7352972,-0.1671381,-0.4906185,
0.02404993,0.1673224,-0.2528275,-0.4366858,0.7353024,-0.167141,-0.4906116,
0.02405164,0.1673289,-0.2528288,-0.4366505,0.7353137,-0.1671302,-0.4906299,
0.02405496,0.1673304,-0.2528337,-0.4366728,0.7353038,-0.1671213,-0.4906279,
0.02405236,0.1673455,-0.2528437,-0.4366488,0.7353007,-0.1671395,-0.4906475,
0.02405274,0.1673186,-0.25282,-0.4366685,0.7353115,-0.1671368,-0.4906149,
0.02405436,0.1673313,-0.2528318,-0.4366641,0.7352976,-0.1671428,-0.4906377,
0.02405568,0.1673307,-0.2528308,-0.436627,0.7353241,-0.1671185,-0.490639,
0.0240537,0.167319,-0.2528202,-0.4366927,0.7353029,-0.1671238,-0.4906106,
0.02405318,0.1673356,-0.2528345,-0.436664,0.73529,-0.1671417,-0.4906495,
0.02404913,0.167336,-0.2528392,-0.4366898,0.7352967,-0.1671394,-0.4906173,
0.02405753,0.1673246,-0.2528186,-0.4366807,0.7352921,-0.1671388,-0.4906323,
0.02405791,0.1673244,-0.2528247,-0.4366575,0.7353064,-0.1671146,-0.4906399,
0.02405163,0.1673353,-0.2528356,-0.4366901,0.7353038,-0.1671053,-0.490618,
0.02405445,0.1673346,-0.2528334,-0.4366606,0.7353019,-0.167133,-0.4906377,
0.02405627,0.1673274,-0.2528239,-0.4366724,0.735297,-0.167146,-0.4906299,
0.02405426,0.1673327,-0.2528283,-0.436623,0.7353109,-0.1671407,-0.490655,
0.02405064,0.167334,-0.252835,-0.4366989,0.7353083,-0.1671188,-0.4905987,
0.02405391,0.1673367,-0.2528335,-0.4366305,0.7353198,-0.1671385,-0.4906356,
0.02405251,0.1673296,-0.2528327,-0.4366849,0.7353004,-0.1671357,-0.4906173,
0.0240554,0.1673318,-0.2528277,-0.4366565,0.7353106,-0.1671139,-0.4906347,
0.02405645,0.1673222,-0.252819,-0.4366511,0.7353016,-0.1671423,-0.4906434,
0.0240541,0.1673114,-0.2528137,-0.436675,0.7353065,-0.1671274,-0.4906197,
0.02405314,0.1673377,-0.2528392,-0.4366662,0.7352922,-0.1671473,-0.4906423,
0.02405421,0.1673418,-0.2528423,-0.4366545,0.7352892,-0.1671261,-0.4906644,
0.02405153,0.1673217,-0.2528234,-0.4366778,0.7353135,-0.167138,-0.4906032,
0.02405009,0.1673325,-0.2528321,-0.4366564,0.7352934,-0.1671465,-0.4906494,
0.02405008,0.1673245,-0.2528273,-0.4366711,0.7353174,-0.1671297,-0.490606,
0.02405126,0.1673241,-0.2528235,-0.4366968,0.7352865,-0.1671571,-0.4906202,
0.02405269,0.1673405,-0.2528372,-0.4366801,0.7353058,-0.1671344,-0.4906139,
0.02405221,0.1673399,-0.2528369,-0.4366231,0.7353219,-0.1671295,-0.4906422,
0.02405648,0.1673323,-0.2528313,-0.4366435,0.7353095,-0.1671371,-0.49064,
0.02405163,0.1673252,-0.2528306,-0.4366777,0.7353005,-0.1671453,-0.4906201,
0.02405207,0.1673419,-0.2528364,-0.4366594,0.7353172,-0.1670996,-0.4906271,
0.02405029,0.1673357,-0.2528426,-0.4367166,0.7352982,-0.1671387,-0.4905914,
0.02404914,0.167329,-0.252832,-0.4366837,0.7353094,-0.1671226,-0.4906093,
0.0240517,0.1673236,-0.2528293,-0.4366848,0.7353078,-0.1671287,-0.4906086,
0.02405288,0.1673212,-0.2528208,-0.4366916,0.7353163,-0.1670979,-0.4906004,
0.02405455,0.1673374,-0.2528376,-0.4366583,0.735306,-0.1671309,-0.4906342,
0.02405249,0.1673182,-0.2528242,-0.4366849,0.7353104,-0.167109,-0.4906114,
0.02405398,0.1673323,-0.2528347,-0.4366567,0.7353202,-0.167112,-0.4906209,
0.02405177,0.1673256,-0.2528274,-0.4366651,0.7353146,-0.1671246,-0.4906175,
0.02405162,0.1673286,-0.2528295,-0.4367077,0.7353055,-0.1670989,-0.4906019,
0.02405427,0.1673263,-0.2528276,-0.4366688,0.7352989,-0.1671561,-0.4906269,
0.02404959,0.1673326,-0.2528405,-0.436674,0.7353253,-0.1671146,-0.4905968,
0.02405326,0.1673478,-0.25285,-0.4366625,0.7353045,-0.16713,-0.4906331,
0.02405152,0.1673486,-0.2528524,-0.4366425,0.7353131,-0.1671139,-0.4906434,
0.02405277,0.1673315,-0.2528374,-0.4366953,0.7352991,-0.1671181,-0.490616,
0.02405326,0.1673511,-0.2528535,-0.4366609,0.7352985,-0.1671163,-0.4906482,
0.02405125,0.167355,-0.2528533,-0.4366551,0.7353103,-0.1671188,-0.4906348,
0.02405177,0.1673498,-0.2528553,-0.4366459,0.7352995,-0.1671472,-0.4906493,
0.02405553,0.1673384,-0.2528351,-0.436629,0.7353003,-0.1671298,-0.4906692,
0.02405441,0.16734,-0.2528414,-0.4366678,0.735293,-0.167144,-0.4906408,
0.02405174,0.1673318,-0.2528329,-0.4367108,0.7353027,-0.1671229,-0.490595,
0.02405346,0.1673248,-0.2528292,-0.4366821,0.7353106,-0.1671235,-0.4906086,
0.02405102,0.1673343,-0.2528375,-0.436698,0.7352995,-0.1671319,-0.4906082,
0.02405447,0.1673374,-0.2528336,-0.4366371,0.7353105,-0.1671495,-0.4906399,
0.02405129,0.1673505,-0.2528557,-0.4366787,0.7352979,-0.1671196,-0.4906321,
0.02405567,0.167334,-0.2528315,-0.4366605,0.7352971,-0.1671252,-0.4906475,
0.02405446,0.1673359,-0.2528325,-0.4366762,0.7352982,-0.1671419,-0.4906263,
0.02405375,0.1673333,-0.2528344,-0.436647,0.7353127,-0.1671143,-0.4906398,
0.02405066,0.1673304,-0.2528341,-0.4367023,0.7353036,-0.1671277,-0.4905997,
0.02404915,0.1673308,-0.2528329,-0.4366642,0.735309,-0.1671609,-0.4906143,
0.02405383,0.1673214,-0.2528255,-0.4367006,0.7352952,-0.1671302,-0.490613,
0.02404844,0.1673344,-0.2528384,-0.4366803,0.7353208,-0.1671205,-0.490596,
0.02404862,0.1673379,-0.2528411,-0.4366981,0.7353053,-0.1671049,-0.4906087,
0.02405208,0.1673319,-0.2528378,-0.4366726,0.7353156,-0.1671289,-0.4906078,
0.02405327,0.1673229,-0.2528269,-0.4366916,0.7353051,-0.1671041,-0.4906152,
0.02405246,0.1673413,-0.2528401,-0.4366493,0.7353143,-0.1671008,-0.4906399,
0.02405089,0.1673293,-0.2528334,-0.43671,0.7353049,-0.167109,-0.4905974,
0.02405127,0.1673282,-0.2528352,-0.4366692,0.7353122,-0.1671243,-0.4906175,
0.02405456,0.1673367,-0.252836,-0.4366556,0.7352939,-0.1671389,-0.490652,
0.02405319,0.1673429,-0.2528449,-0.4366722,0.7352991,-0.1671352,-0.4906307,
0.02405036,0.1673285,-0.2528301,-0.4366755,0.7353026,-0.1671467,-0.4906186,
0.02405125,0.1673338,-0.2528368,-0.4367127,0.7352989,-0.1671306,-0.4905966,
0.0240524,0.1673414,-0.2528394,-0.4366462,0.7353121,-0.1671199,-0.4906396,
0.02404979,0.1673303,-0.2528314,-0.4367023,0.7353019,-0.1671163,-0.4906062,
0.02405355,0.1673385,-0.2528399,-0.4366562,0.7353065,-0.1671183,-0.4906396,
0.02405614,0.1673296,-0.2528275,-0.4366676,0.7353044,-0.1671097,-0.4906355,
0.02405254,0.1673231,-0.2528282,-0.4366669,0.7353217,-0.1671207,-0.4906064,
0.02405323,0.1673174,-0.2528169,-0.4366824,0.7353142,-0.1671296,-0.4906009,
0.02405496,0.1673127,-0.2528156,-0.4366956,0.735301,-0.1671109,-0.4906154,
0.0240542,0.1673232,-0.252825,-0.4366716,0.7353182,-0.1671068,-0.4906123,
0.02405094,0.1673242,-0.2528252,-0.4366879,0.735302,-0.1671347,-0.4906126,
0.02405245,0.167344,-0.2528408,-0.4366705,0.735301,-0.1671355,-0.4906293,
0.02404991,0.1673306,-0.2528317,-0.4366908,0.7352846,-0.1671847,-0.490619,
0.02405076,0.1673341,-0.252836,-0.4366952,0.7352983,-0.1671107,-0.4906197,
0.02405602,0.1673192,-0.2528197,-0.4366688,0.7352979,-0.1671531,-0.4906295,
0.0240524,0.1673299,-0.2528331,-0.4367097,0.7352989,-0.1671364,-0.4905972,
0.02404908,0.1673332,-0.252837,-0.4366881,0.7352918,-0.1671583,-0.4906197,
0.02405642,0.1673276,-0.2528271,-0.4366569,0.7352992,-0.1671469,-0.4906401,
0.024053,0.1673346,-0.2528351,-0.4366578,0.7353064,-0.1671249,-0.4906363,
0.02404929,0.1673315,-0.252835,-0.4366883,0.7353095,-0.1671156,-0.4906074,
0.02404829,0.1673299,-0.2528375,-0.436678,0.7353113,-0.1671172,-0.4906134,
0.02405431,0.1673421,-0.2528417,-0.4366805,0.7353005,-0.1671389,-0.49062,
0.02405016,0.1673242,-0.2528298,-0.4367081,0.7352929,-0.1671534,-0.490602,
0.02405157,0.1673393,-0.2528377,-0.4366533,0.7353139,-0.1671082,-0.4906346,
0.02405246,0.1673369,-0.252837,-0.436665,0.7353054,-0.1671296,-0.4906296,
0.02405299,0.1673224,-0.2528262,-0.4366584,0.7353067,-0.1671517,-0.490626,
0.02405332,0.1673382,-0.2528413,-0.4366761,0.7352999,-0.1671215,-0.4906306,
0.02405009,0.1673321,-0.2528412,-0.4366996,0.7353011,-0.1670953,-0.490617,
0.0240517,0.1673231,-0.2528339,-0.4366935,0.7352981,-0.1671161,-0.4906197,
0.02405101,0.1673276,-0.2528335,-0.4367073,0.7353023,-0.1671161,-0.4906012,
0.02404963,0.1673389,-0.2528446,-0.4367035,0.7352939,-0.1671226,-0.4906149,
0.02404962,0.1673287,-0.2528366,-0.4366874,0.7353144,-0.1671135,-0.4906016,
0.02404979,0.1673457,-0.252852,-0.4366643,0.7353008,-0.1671261,-0.4906383,
0.02404752,0.1673383,-0.2528422,-0.4367009,0.7352999,-0.1671043,-0.4906144,
0.02404727,0.167333,-0.2528429,-0.4366887,0.735289,-0.1671434,-0.4906284,
0.02405154,0.1673292,-0.2528354,-0.4366972,0.7353092,-0.1671378,-0.4905924,
0.02404806,0.1673266,-0.252831,-0.4366948,0.7353036,-0.1671292,-0.4906057,
0.02405567,0.1673277,-0.2528275,-0.4366687,0.7353048,-0.1671011,-0.4906369,
0.02405082,0.1673286,-0.252834,-0.4366479,0.7353187,-0.1671143,-0.4906301,
0.02404985,0.1673336,-0.2528405,-0.436715,0.7353119,-0.167124,-0.4905773,
0.02405543,0.1673276,-0.2528302,-0.4366394,0.735303,-0.1671368,-0.4906536,
0.02405071,0.1673406,-0.2528465,-0.4367059,0.735301,-0.1671024,-0.4906091,
0.02405396,0.1673389,-0.2528394,-0.4366571,0.7353176,-0.1670972,-0.4906293,
0.02405177,0.167322,-0.2528245,-0.4366996,0.7353017,-0.1671294,-0.4906044,
0.02405367,0.1673412,-0.252841,-0.4366785,0.7352914,-0.1671385,-0.4906355,
0.0240494,0.1673422,-0.2528465,-0.4366875,0.7352915,-0.1671275,-0.490631,
0.02405178,0.1673241,-0.2528274,-0.4366739,0.7353116,-0.1671205,-0.4906155,
0.0240535,0.1673417,-0.2528441,-0.4366803,0.735292,-0.1671498,-0.4906292,
0.02405385,0.1673324,-0.2528311,-0.436649,0.7353124,-0.1671327,-0.4906324,
0.02405098,0.1673188,-0.2528268,-0.4367122,0.7352884,-0.167134,-0.4906116,
0.02405089,0.1673325,-0.2528331,-0.4366811,0.7353024,-0.1671318,-0.4906189,
0.02405595,0.167331,-0.2528314,-0.4366753,0.7352906,-0.1671292,-0.4906428,
0.024053,0.1673408,-0.2528417,-0.4366877,0.7353007,-0.167123,-0.4906187,
0.02404968,0.1673363,-0.2528394,-0.4367073,0.7352922,-0.1671315,-0.490611,
0.02405383,0.167334,-0.2528379,-0.4366717,0.7352954,-0.1671265,-0.4906397,
0.02405032,0.1673292,-0.2528296,-0.4366578,0.7353033,-0.1671332,-0.4906379,
0.02405442,0.1673248,-0.2528256,-0.4367079,0.7352975,-0.167117,-0.4906075,
0.02405264,0.1673413,-0.2528425,-0.4366423,0.7353141,-0.1671258,-0.4906379,
0.02405228,0.1673419,-0.2528383,-0.4366799,0.7352901,-0.1671335,-0.4906378,
0.0240531,0.1673415,-0.252838,-0.436634,0.7353163,-0.1671124,-0.4906466,
0.02405554,0.1673333,-0.2528319,-0.4366645,0.735298,-0.1671221,-0.4906436,
0.02405057,0.1673275,-0.2528312,-0.4367096,0.7352948,-0.1671316,-0.4906052,
0.02405473,0.1673141,-0.2528131,-0.4366733,0.7353088,-0.1671532,-0.490609,
0.02405263,0.1673277,-0.2528276,-0.4367123,0.7353049,-0.1671092,-0.4905952,
0.02405394,0.1673382,-0.252839,-0.4366553,0.7353172,-0.1671161,-0.4906253,
0.02405432,0.1673316,-0.2528281,-0.4366153,0.7353193,-0.1671256,-0.4906544,
0.02405476,0.1673361,-0.2528364,-0.4366472,0.7353044,-0.1671334,-0.4906456,
0.02405104,0.1673284,-0.2528337,-0.4366823,0.7353026,-0.1671427,-0.490614,
0.02405492,0.1673382,-0.2528346,-0.4366945,0.735294,-0.1671409,-0.4906166,
0.02405101,0.16734,-0.2528414,-0.4366505,0.7353092,-0.1671137,-0.4906422,
0.02405194,0.1673305,-0.2528328,-0.4366861,0.7353164,-0.1671034,-0.4906031,
0.02405083,0.1673263,-0.2528352,-0.4366947,0.7352995,-0.1671268,-0.4906128,
0.02405095,0.1673254,-0.2528298,-0.436702,0.7353074,-0.167104,-0.4906023,
0.02404922,0.1673283,-0.2528318,-0.4367006,0.7352986,-0.1671246,-0.4906098,
0.02405287,0.1673385,-0.2528395,-0.4366629,0.7353006,-0.1671365,-0.4906363,
0.02405042,0.1673276,-0.2528367,-0.4366943,0.735302,-0.1671265,-0.4906098,
0.02405011,0.1673411,-0.2528443,-0.4367092,0.7352949,-0.1671413,-0.490602,
0.02405252,0.1673203,-0.252826,-0.4367093,0.7352939,-0.1671239,-0.4906095,
0.02405407,0.1673371,-0.2528369,-0.4366972,0.7352835,-0.167161,-0.4906231,
0.02405112,0.167328,-0.2528304,-0.4367009,0.7352959,-0.167156,-0.4906029,
0.02404998,0.1673311,-0.2528328,-0.4366943,0.7352916,-0.1671381,-0.4906213,
0.02405312,0.1673315,-0.2528298,-0.4366597,0.7353113,-0.1671205,-0.4906286,
0.02405548,0.1673246,-0.2528244,-0.436655,0.7353151,-0.1671211,-0.4906269,
0.02405219,0.1673328,-0.2528324,-0.43665,0.7353119,-0.167113,-0.4906388,
0.02405501,0.1673273,-0.2528266,-0.4366631,0.7353015,-0.1671485,-0.4906307,
0.02405299,0.1673158,-0.25282,-0.4366927,0.7352885,-0.1671598,-0.4906199,
0.02405245,0.1673357,-0.2528345,-0.436656,0.7352961,-0.1671438,-0.4906468,
0.02405482,0.1673336,-0.2528317,-0.436661,0.7353011,-0.1671406,-0.4906359,
0.02405225,0.1673273,-0.2528285,-0.4366864,0.7353204,-0.1671019,-0.4905975,
0.02405288,0.1673225,-0.2528246,-0.4366823,0.7352979,-0.1671526,-0.4906175,
0.02405623,0.1673356,-0.2528335,-0.4366527,0.7353076,-0.1671244,-0.4906389,
0.02405173,0.1673233,-0.2528252,-0.436662,0.7353101,-0.1671474,-0.4906193,
0.02405222,0.1673224,-0.2528242,-0.4366758,0.7353049,-0.16713,-0.4906206,
0.0240532,0.1673164,-0.2528238,-0.4366713,0.7353069,-0.167123,-0.490624,
0.02405415,0.1673308,-0.2528298,-0.436649,0.7353165,-0.1671211,-0.49063,
0.02405279,0.1673214,-0.2528242,-0.4366678,0.735312,-0.1671291,-0.4906173,
0.02405475,0.1673144,-0.2528154,-0.4366663,0.735308,-0.1671362,-0.4906224,
0.0240541,0.1673413,-0.2528376,-0.4366466,0.7353122,-0.1671129,-0.4906414,
0.02405696,0.167319,-0.2528162,-0.4366693,0.7353157,-0.16713,-0.4906102,
0.02405447,0.1673357,-0.2528369,-0.4367082,0.7352908,-0.1671271,-0.4906139,
0.02405132,0.1673234,-0.2528261,-0.4366911,0.7353099,-0.1671174,-0.4906037,
0.02405512,0.1673284,-0.2528276,-0.4366582,0.735302,-0.1671376,-0.490638,
0.02405073,0.1673317,-0.2528352,-0.4366573,0.735333,-0.1670967,-0.4906063,
0.02405117,0.1673487,-0.2528453,-0.436659,0.735303,-0.1671114,-0.4906448,
0.02404824,0.1673414,-0.2528476,-0.4366908,0.735303,-0.1671094,-0.4906171,
0.02405265,0.1673315,-0.2528327,-0.436648,0.7353027,-0.1671251,-0.4906502,
0.02405191,0.1673434,-0.2528398,-0.4366567,0.735307,-0.1671199,-0.4906379,
0.02405002,0.1673334,-0.2528356,-0.4366684,0.735314,-0.1671259,-0.4906149,
0.02405308,0.1673345,-0.252831,-0.4366522,0.7353121,-0.1671294,-0.490631,
0.02405109,0.1673486,-0.2528501,-0.4366936,0.7352781,-0.1671553,-0.4906363,
0.02405285,0.1673416,-0.2528397,-0.4367057,0.7352911,-0.1671299,-0.4906147,
0.02405393,0.1673371,-0.2528348,-0.436656,0.7352963,-0.1671358,-0.490649,
0.02405269,0.1673196,-0.2528256,-0.4366967,0.7353028,-0.1671359,-0.4906031,
0.02405,0.1673362,-0.25284,-0.4366829,0.7353171,-0.1671161,-0.4906007,
0.02404891,0.1673296,-0.2528341,-0.4366908,0.7353093,-0.1671429,-0.4905963,
0.02405144,0.1673449,-0.2528465,-0.4366654,0.7352906,-0.1671312,-0.4906508,
0.02405028,0.1673373,-0.252838,-0.4367119,0.7352812,-0.1671731,-0.4906093,
0.02404537,0.1673557,-0.252862,-0.4367216,0.7353057,-0.1671013,-0.4905884,
0.02405467,0.1673372,-0.2528353,-0.4366489,0.7352945,-0.1671409,-0.4906564,
0.02405151,0.1673446,-0.2528452,-0.436681,0.7352887,-0.1671381,-0.4906375,
0.02404862,0.1673382,-0.2528434,-0.4366926,0.7352992,-0.1671476,-0.4906081,
0.0240476,0.1673394,-0.2528454,-0.4367017,0.7352948,-0.1671427,-0.4906084,
0.02404933,0.1673324,-0.2528327,-0.4366886,0.7352992,-0.1671399,-0.4906144,
0.02404775,0.1673416,-0.2528467,-0.4366686,0.7353034,-0.1671329,-0.4906283,
0.02404666,0.167344,-0.2528518,-0.4367169,0.7353036,-0.16712,-0.4905894,
0.02405105,0.1673304,-0.2528295,-0.436708,0.7352917,-0.1671388,-0.4906088,
0.02405013,0.1673268,-0.2528285,-0.4366952,0.7353046,-0.167139,-0.4906008,
0.02404838,0.1673366,-0.2528419,-0.436663,0.7353138,-0.1671247,-0.4906206,
0.02404858,0.1673451,-0.252847,-0.4366905,0.7353082,-0.1671332,-0.4906015,
0.02405243,0.1673402,-0.2528402,-0.4366568,0.7353116,-0.1671185,-0.4906314,
0.02405353,0.1673314,-0.2528293,-0.4366777,0.7352951,-0.1671254,-0.4906352,
0.02405014,0.1673266,-0.2528323,-0.4366584,0.7353212,-0.1671331,-0.4906106,
0.02405056,0.1673404,-0.2528404,-0.4367075,0.7353015,-0.1671126,-0.4906034,
0.02404995,0.1673382,-0.2528408,-0.4366685,0.735323,-0.1671196,-0.4906036,
0.02405247,0.1673352,-0.2528359,-0.4366316,0.7353216,-0.1671183,-0.4906389,
0.02405337,0.1673404,-0.2528405,-0.4366665,0.7353017,-0.167129,-0.4906341,
0.02405014,0.1673361,-0.2528383,-0.4366817,0.7353086,-0.1671238,-0.4906119,
0.02405098,0.1673244,-0.2528291,-0.4366968,0.7353066,-0.1671185,-0.4906032,
0.02405023,0.1673313,-0.2528322,-0.4366719,0.7353212,-0.1671195,-0.4906033,
0.02404965,0.1673365,-0.2528417,-0.4366986,0.7353123,-0.1670926,-0.4906019,
0.02405476,0.1673412,-0.2528381,-0.4366389,0.7353047,-0.1671201,-0.4906572,
0.02405428,0.1673193,-0.2528214,-0.4367011,0.7353076,-0.1671069,-0.4906019,
0.02405222,0.1673438,-0.2528453,-0.4366305,0.7353104,-0.1671252,-0.4906542,
0.0240572,0.1673326,-0.2528316,-0.4366656,0.7352976,-0.1671142,-0.4906461,
0.02405141,0.1673182,-0.2528252,-0.436688,0.7353046,-0.1671339,-0.4906089,
0.02405185,0.1673273,-0.2528311,-0.4366922,0.7352965,-0.1671278,-0.4906192,
0.02405766,0.1673139,-0.2528099,-0.4366401,0.7353188,-0.1671004,-0.4906416,
0.02405214,0.1673354,-0.2528426,-0.436705,0.7353048,-0.1671256,-0.4905964,
0.02405778,0.1673253,-0.2528197,-0.4366364,0.7353133,-0.1671358,-0.4906411,
0.02405383,0.1673414,-0.2528392,-0.436626,0.7353196,-0.1671322,-0.4906422,
0.02405426,0.1673403,-0.2528389,-0.4366478,0.7353031,-0.1671156,-0.490653,
0.02405273,0.167322,-0.2528196,-0.4367235,0.7353031,-0.1670965,-0.4905923,
0.02405376,0.1673343,-0.2528382,-0.4366592,0.735314,-0.1670925,-0.4906346,
0.02405435,0.1673409,-0.2528412,-0.4366733,0.7353068,-0.1671041,-0.4906288,
0.02405067,0.1673366,-0.2528346,-0.4366573,0.7353036,-0.1671416,-0.4906351,
0.02405098,0.1673486,-0.2528491,-0.4366715,0.7352924,-0.1671261,-0.4906444,
0.02404962,0.167334,-0.2528356,-0.4367099,0.7353119,-0.1670937,-0.490592,
0.02405395,0.1673377,-0.2528355,-0.4366497,0.7353121,-0.1671118,-0.4906393,
0.02405434,0.1673349,-0.2528326,-0.4366626,0.7353153,-0.1671319,-0.4906162,
0.02405237,0.1673243,-0.252828,-0.4366678,0.7353243,-0.1671135,-0.4906043,
0.02404997,0.1673306,-0.2528322,-0.4366916,0.7353041,-0.1671423,-0.4906035,
0.02405408,0.1673382,-0.2528367,-0.4366651,0.7352975,-0.1671264,-0.4906424,
0.02405156,0.1673447,-0.2528431,-0.4366525,0.7353124,-0.1671474,-0.4906243,
0.02405087,0.1673491,-0.2528532,-0.4366841,0.735303,-0.1671089,-0.4906233,
0.02405336,0.1673309,-0.2528318,-0.43666,0.7353064,-0.1671086,-0.4906397,
0.02405514,0.1673317,-0.2528285,-0.4366381,0.735323,-0.1670986,-0.4906379,
0.02405273,0.1673344,-0.2528353,-0.4366288,0.735314,-0.1671324,-0.490648,
0.02404952,0.1673365,-0.2528405,-0.4366766,0.7353029,-0.1671395,-0.4906196,
0.02405118,0.1673288,-0.2528287,-0.4366882,0.7353231,-0.1671032,-0.4905914,
0.02405315,0.167336,-0.2528326,-0.4366403,0.7353082,-0.1671362,-0.4906452,
0.02404806,0.1673381,-0.2528464,-0.4366881,0.735316,-0.1671053,-0.4906014,
0.02405382,0.1673332,-0.2528346,-0.4366297,0.7353272,-0.1671229,-0.4906305,
0.02405212,0.1673238,-0.2528268,-0.4367035,0.7353055,-0.1671359,-0.490593,
0.02405302,0.1673208,-0.252824,-0.436672,0.7352923,-0.1671412,-0.490639,
0.0240496,0.1673295,-0.2528278,-0.436658,0.7353087,-0.1671533,-0.4906228,
0.0240544,0.1673286,-0.2528246,-0.4366689,0.7353095,-0.1671325,-0.490619,
0.02404933,0.1673355,-0.2528351,-0.436675,0.73531,-0.1671399,-0.4906104,
0.02404877,0.1673294,-0.252831,-0.436702,0.735309,-0.1671139,-0.4905967,
0.0240545,0.1673345,-0.2528327,-0.4366722,0.7352917,-0.1671237,-0.4906457,
0.024052,0.1673402,-0.2528404,-0.4366945,0.7352973,-0.1671005,-0.4906253,
0.02405638,0.1673281,-0.2528249,-0.4366487,0.7353066,-0.1671323,-0.4906414,
0.02404908,0.1673371,-0.2528393,-0.4366811,0.7353239,-0.1671008,-0.4905973,
0.02404877,0.1673326,-0.2528339,-0.4366931,0.7352976,-0.167135,-0.4906143,
0.02405101,0.1673323,-0.2528338,-0.4366946,0.7352966,-0.1671404,-0.4906128,
0.02405308,0.1673415,-0.252839,-0.4366783,0.7353083,-0.1670988,-0.4906238,
0.0240516,0.1673492,-0.252846,-0.4366734,0.7353101,-0.1670989,-0.4906255,
0.02405457,0.1673351,-0.2528307,-0.4366651,0.7353007,-0.1671242,-0.4906383,
0.02404906,0.1673422,-0.2528483,-0.4366997,0.7352929,-0.1671368,-0.4906149,
0.02404975,0.167334,-0.2528346,-0.4366986,0.735302,-0.1671192,-0.4906083,
0.02405813,0.1673283,-0.2528235,-0.4366428,0.7353095,-0.1671211,-0.4906461,
0.02405194,0.1673235,-0.2528285,-0.4366889,0.7353158,-0.1671073,-0.4906003,
0.02405099,0.1673293,-0.2528325,-0.4366904,0.7353075,-0.1671398,-0.4906003,
0.0240561,0.167332,-0.2528333,-0.4366511,0.735298,-0.1671429,-0.4906483,
0.02404889,0.1673357,-0.2528422,-0.4366924,0.7353073,-0.1671191,-0.490606,
0.02405068,0.1673351,-0.252836,-0.4367064,0.7352906,-0.1671697,-0.4906013,
0.02405093,0.1673293,-0.2528352,-0.4366956,0.7353106,-0.16712,-0.4905978,
0.02405213,0.1673414,-0.25284,-0.4366892,0.7353,-0.1671321,-0.4906153,
0.02405276,0.1673188,-0.2528199,-0.4366807,0.7353039,-0.1671378,-0.490615,
0.02405498,0.1673276,-0.2528278,-0.4366578,0.7353089,-0.1671283,-0.4906311,
0.02405293,0.1673361,-0.2528326,-0.436658,0.7353029,-0.1671392,-0.4906363,
0.02405086,0.1673301,-0.2528277,-0.4367093,0.7352964,-0.16712,-0.4906069,
0.02405342,0.1673344,-0.2528327,-0.436651,0.7353115,-0.1671124,-0.4906386,
0.02405413,0.1673262,-0.2528268,-0.4366431,0.7353089,-0.1671267,-0.4906449,
0.02405244,0.1673176,-0.2528193,-0.4366976,0.735307,-0.1671384,-0.4905952,
0.02404752,0.1673361,-0.2528366,-0.4367056,0.7352973,-0.1671569,-0.4905963,
0.0240522,0.1673249,-0.2528267,-0.4366967,0.7353039,-0.1671186,-0.4906074,
0.02405608,0.167323,-0.2528216,-0.4366578,0.7353059,-0.1671298,-0.4906352,
0.02405259,0.1673357,-0.2528381,-0.4366732,0.7352919,-0.1671515,-0.490635,
0.02405263,0.1673214,-0.2528204,-0.4366577,0.7353178,-0.1671249,-0.4906192,
0.02404729,0.1673391,-0.2528427,-0.4367047,0.735292,-0.167135,-0.4906125,
0.02405332,0.1673381,-0.2528335,-0.436653,0.7353083,-0.1671291,-0.490636,
0.02405178,0.167348,-0.2528434,-0.436662,0.7353032,-0.1671361,-0.4906333,
0.02405469,0.1673313,-0.2528287,-0.436669,0.735298,-0.1671304,-0.4906369,
0.02405342,0.1673374,-0.2528329,-0.436678,0.7353018,-0.1671089,-0.4906304,
0.02405419,0.1673282,-0.2528232,-0.4366633,0.735305,-0.1671332,-0.4906306,
0.0240507,0.1673488,-0.2528443,-0.4366807,0.7352998,-0.1671397,-0.4906206,
0.02405346,0.1673283,-0.2528233,-0.436645,0.7353171,-0.1671008,-0.4906397,
0.02404878,0.1673357,-0.2528355,-0.4366985,0.735302,-0.1671323,-0.4906039,
0.02404689,0.1673308,-0.2528326,-0.4366716,0.735316,-0.1671244,-0.4906096,
0.02405337,0.1673297,-0.2528225,-0.4366764,0.735299,-0.167128,-0.4906297,
0.02405272,0.1673158,-0.2528153,-0.4366932,0.7352966,-0.1671341,-0.4906161,
0.02405125,0.1673422,-0.2528359,-0.4366575,0.7353007,-0.1671073,-0.4906508,
0.02405406,0.1673294,-0.2528243,-0.4367137,0.7352948,-0.1671125,-0.490608,
0.02405347,0.1673384,-0.2528343,-0.4366548,0.7353014,-0.1671347,-0.4906429,
0.02405329,0.1673077,-0.2528058,-0.4366833,0.7352983,-0.1671338,-0.4906225,
0.02405302,0.1673203,-0.2528166,-0.4366911,0.7352992,-0.1671526,-0.4906078,
0.02405274,0.1673189,-0.2528161,-0.4366834,0.735306,-0.1671507,-0.4906053,
0.02405135,0.1673217,-0.2528172,-0.4367033,0.7353076,-0.1671279,-0.4905928,
0.0240541,0.1673273,-0.2528243,-0.4366794,0.7353176,-0.1670791,-0.4906156,
0.02405502,0.1673416,-0.2528329,-0.4366862,0.735287,-0.1671322,-0.4906375,
0.02405389,0.167319,-0.2528195,-0.4367117,0.7352918,-0.1671373,-0.4906059,
0.02405355,0.1673326,-0.2528299,-0.4366615,0.7353115,-0.1671039,-0.4906323,
0.02405233,0.1673312,-0.252825,-0.436677,0.7353038,-0.16713,-0.4906211,
0.02405447,0.1673335,-0.2528251,-0.436638,0.7353088,-0.1671446,-0.4906435,
0.02405335,0.1673303,-0.2528283,-0.4366425,0.7353004,-0.1671454,-0.4906516,
0.02405385,0.1673417,-0.2528363,-0.4366873,0.7352983,-0.1671392,-0.4906171,
0.02405616,0.1673229,-0.2528162,-0.4366768,0.735292,-0.1671415,-0.4906352,
0.02405446,0.167321,-0.2528128,-0.4366461,0.7353055,-0.1671407,-0.4906425,
0.02405424,0.167321,-0.2528206,-0.4367014,0.7352985,-0.1671207,-0.4906105,
0.02405714,0.1673241,-0.2528175,-0.4366819,0.7352999,-0.1671327,-0.4906218,
0.02404972,0.1673319,-0.2528291,-0.4367107,0.7353058,-0.1671244,-0.49059,
0.02405443,0.1673305,-0.252823,-0.4366564,0.7353228,-0.1671128,-0.4906169,
0.02405688,0.1673254,-0.2528198,-0.4366482,0.7353126,-0.1671279,-0.4906344,
0.02405304,0.1673424,-0.2528383,-0.4366756,0.7352998,-0.1671504,-0.4906215,
0.02404977,0.1673306,-0.2528288,-0.4367154,0.7352987,-0.1671258,-0.490596,
0.02405579,0.167329,-0.2528263,-0.436661,0.7353187,-0.167121,-0.4906161,
0.02405635,0.1673254,-0.2528213,-0.4366575,0.7353001,-0.167132,-0.4906433,
0.02405504,0.1673284,-0.2528248,-0.4366757,0.7353097,-0.1671209,-0.4906165,
0.02404843,0.1673312,-0.2528354,-0.4367134,0.7353017,-0.1671005,-0.490602,
0.02405265,0.1673196,-0.252819,-0.4366837,0.7353103,-0.1671212,-0.4906084,
0.02405432,0.167327,-0.2528256,-0.436703,0.7352784,-0.1671406,-0.4906326,
0.02405289,0.1673326,-0.2528334,-0.4366822,0.7352968,-0.1671422,-0.4906229,
0.02405239,0.1673349,-0.2528331,-0.4366515,0.7353081,-0.1671221,-0.4906402,
0.02405464,0.1673212,-0.2528276,-0.436705,0.7352957,-0.1671139,-0.4906138,
0.02405137,0.1673232,-0.2528265,-0.4367028,0.7352893,-0.1671477,-0.490614,
0.02405457,0.167328,-0.2528248,-0.4366651,0.735298,-0.1671333,-0.4906393,
0.02405033,0.1673283,-0.2528315,-0.4366678,0.7353196,-0.1671047,-0.4906142,
0.02405009,0.167332,-0.252836,-0.4367323,0.7352833,-0.1671363,-0.4906006,
0.02404949,0.1673229,-0.2528231,-0.4366938,0.7353004,-0.1671595,-0.4906014,
0.02405248,0.1673213,-0.2528195,-0.4366959,0.7353025,-0.1671232,-0.4906087,
0.02405124,0.1673401,-0.2528379,-0.4366665,0.7353098,-0.1670971,-0.4906329,
0.02405377,0.1673299,-0.2528301,-0.4366915,0.7352768,-0.1671484,-0.4906424,
0.02405496,0.1673285,-0.2528293,-0.4366622,0.73531,-0.1671164,-0.4906296,
0.024053,0.167334,-0.2528338,-0.4367032,0.7352798,-0.1671446,-0.4906289,
0.02405331,0.1673344,-0.252829,-0.4366852,0.7352899,-0.1671292,-0.4906349,
0.0240553,0.1673286,-0.2528248,-0.4366483,0.7353114,-0.1671204,-0.4906385,
0.02405154,0.1673263,-0.2528308,-0.4367017,0.7352861,-0.1671389,-0.4906227,
0.02405266,0.1673334,-0.2528277,-0.4366893,0.7352892,-0.1671455,-0.490627,
0.02405398,0.1673108,-0.2528071,-0.4367032,0.7353085,-0.1671264,-0.4905921,
0.02405591,0.1673182,-0.2528114,-0.4366687,0.7353097,-0.1671027,-0.4906291,
0.02405229,0.167336,-0.2528305,-0.4366727,0.7352975,-0.1671262,-0.4906357,
0.02405642,0.1673285,-0.2528238,-0.4366461,0.7353221,-0.1670958,-0.4906328,
0.02405342,0.1673342,-0.2528244,-0.4366353,0.7353142,-0.1671247,-0.4906445,
0.02405103,0.1673198,-0.2528159,-0.4366767,0.7353014,-0.1671407,-0.4906214,
0.02405524,0.1673327,-0.2528292,-0.4366704,0.7352988,-0.1671335,-0.4906334,
0.02405231,0.1673406,-0.2528362,-0.4366764,0.7352912,-0.1671529,-0.4906327,
0.02405423,0.1673363,-0.2528326,-0.4366374,0.7353144,-0.1671205,-0.4906438,
0.02405466,0.1673225,-0.2528198,-0.4366407,0.7353177,-0.1670935,-0.490645,
0.02405621,0.167327,-0.2528194,-0.4366717,0.7352974,-0.1671239,-0.4906376,
0.02405574,0.1673304,-0.2528237,-0.4366863,0.7352924,-0.1671177,-0.4906342,
0.02405345,0.1673385,-0.2528323,-0.4366359,0.7353054,-0.1671391,-0.4906521,
0.02405426,0.1673332,-0.2528258,-0.4366389,0.7353108,-0.1671246,-0.4906465,
0.02404887,0.1673339,-0.2528364,-0.4366815,0.7353088,-0.1671151,-0.4906147,
0.02405282,0.1673281,-0.2528218,-0.4366659,0.7352941,-0.1671397,-0.4906422,
0.02405177,0.1673209,-0.2528159,-0.4366779,0.7353075,-0.1671329,-0.4906138,
0.02405239,0.1673242,-0.2528219,-0.4366925,0.7352978,-0.1671318,-0.4906158,
0.02405384,0.1673219,-0.2528166,-0.4366879,0.7352995,-0.1671258,-0.4906194,
0.02405464,0.1673272,-0.252821,-0.4366561,0.7352957,-0.1671603,-0.4906417,
0.02405234,0.1673249,-0.2528234,-0.4367023,0.7353013,-0.1671077,-0.49061,
0.02405389,0.1673241,-0.2528224,-0.436642,0.7353142,-0.1671009,-0.4906467,
0.02405449,0.1673348,-0.2528298,-0.4366792,0.735297,-0.167126,-0.4906308,
0.02405262,0.1673361,-0.2528326,-0.4366703,0.7353096,-0.1671129,-0.4906241,
0.02405006,0.1673265,-0.2528262,-0.4367026,0.7352931,-0.1671501,-0.4906075,
0.02405205,0.1673446,-0.2528426,-0.4366664,0.7353004,-0.1671145,-0.490641,
0.02404688,0.1673432,-0.2528443,-0.4366873,0.735296,-0.1671384,-0.4906209,
0.0240509,0.1673374,-0.252837,-0.4366832,0.7353233,-0.1670973,-0.4905976,
0.02405097,0.1673389,-0.2528383,-0.4366831,0.7353073,-0.167121,-0.4906136,
0.02405154,0.1673273,-0.2528282,-0.4366722,0.7352953,-0.167153,-0.4906303,
0.02405326,0.1673436,-0.2528366,-0.4366368,0.7353089,-0.1671344,-0.4906478,
0.02405322,0.1673463,-0.2528388,-0.4366754,0.7353062,-0.1671237,-0.4906211,
0.02405052,0.1673315,-0.2528294,-0.4366871,0.7353162,-0.167102,-0.4906032,
0.02404926,0.1673379,-0.2528374,-0.4367047,0.7352982,-0.1671235,-0.4906071,
0.02405545,0.1673425,-0.2528388,-0.4366957,0.7352909,-0.1671028,-0.4906331,
0.02405148,0.1673253,-0.2528244,-0.4367352,0.7352837,-0.1671246,-0.4906015,
0.02405105,0.1673331,-0.2528367,-0.4367204,0.7352895,-0.1671264,-0.4906051,
0.02405013,0.1673318,-0.2528322,-0.4366992,0.7352974,-0.1671446,-0.490606,
0.02404905,0.1673491,-0.2528459,-0.4366851,0.7353057,-0.1670933,-0.4906235,
0.02404623,0.1673478,-0.2528479,-0.4367192,0.7353091,-0.1671128,-0.4905816,
0.02404995,0.1673471,-0.2528482,-0.4366688,0.7353027,-0.1671294,-0.4906303,
0.02404946,0.1673286,-0.2528298,-0.4366857,0.7353049,-0.167113,-0.4906176,
0.0240498,0.1673473,-0.2528418,-0.4366851,0.735294,-0.1671212,-0.4906317,
0.024052,0.1673474,-0.2528411,-0.4366802,0.7353078,-0.1671143,-0.4906176,
0.0240481,0.1673408,-0.2528445,-0.436687,0.7353075,-0.1671368,-0.4906045,
0.02405032,0.1673375,-0.252836,-0.4367028,0.7352869,-0.167145,-0.4906184,
0.02405258,0.1673332,-0.2528315,-0.4366615,0.7353292,-0.1670795,-0.490614,
0.0240509,0.1673361,-0.2528363,-0.4367095,0.7353079,-0.1671342,-0.4905847,
0.02405136,0.1673432,-0.2528406,-0.4366615,0.7353054,-0.1671098,-0.4906393,
0.02404871,0.1673294,-0.2528307,-0.4367364,0.7352906,-0.1671183,-0.490592,
0.02405505,0.1673316,-0.2528248,-0.4366687,0.735304,-0.1671113,-0.4906345,
0.02405122,0.1673357,-0.25283,-0.436686,0.7353073,-0.1670961,-0.4906194,
0.02405018,0.1673349,-0.2528351,-0.4367062,0.7352939,-0.167127,-0.4906111,
0.02404661,0.1673446,-0.2528457,-0.436696,0.735302,-0.1671414,-0.4906031,
0.02405159,0.1673391,-0.252836,-0.4366683,0.7353011,-0.1671316,-0.4906325,
0.02404918,0.16734,-0.2528397,-0.4366764,0.7353008,-0.1671354,-0.4906243,
0.02405009,0.1673245,-0.252823,-0.4366961,0.7352975,-0.1671411,-0.4906099,
0.02405087,0.1673589,-0.2528562,-0.4366942,0.7352858,-0.1671358,-0.490631,
0.02405323,0.167336,-0.2528297,-0.4366689,0.7352965,-0.1671529,-0.4906315,
0.02404963,0.1673348,-0.2528367,-0.4366988,0.7352948,-0.1671415,-0.4906114,
0.02405087,0.1673201,-0.2528233,-0.4367011,0.7352976,-0.1671204,-0.4906124,
0.02405366,0.1673357,-0.2528351,-0.4366665,0.735292,-0.1671225,-0.4906507,
0.02405071,0.1673564,-0.2528551,-0.4366934,0.7352903,-0.1671262,-0.4906282,
0.0240513,0.1673462,-0.2528438,-0.4366813,0.7352959,-0.1671264,-0.4906304,
0.02404938,0.1673339,-0.2528345,-0.4366877,0.7352976,-0.1671465,-0.4906153,
0.02404694,0.1673509,-0.2528522,-0.4367123,0.7353036,-0.1671171,-0.4905946,
0.02405,0.1673255,-0.25283,-0.4366881,0.7352995,-0.167136,-0.4906157,
0.02405209,0.1673438,-0.2528433,-0.4366803,0.7352955,-0.1671081,-0.4906382,
0.02405142,0.1673517,-0.252847,-0.4366819,0.7353082,-0.1670839,-0.4906259,
0.02405229,0.1673444,-0.2528425,-0.4366603,0.7353004,-0.1671255,-0.4906425,
0.02404723,0.1673463,-0.2528482,-0.4366846,0.7353155,-0.1671205,-0.4906,
0.02405161,0.1673379,-0.252838,-0.4366782,0.7353014,-0.1671014,-0.4906334,
0.02405253,0.1673382,-0.2528385,-0.4366553,0.7353007,-0.1671544,-0.4906369,
0.02405324,0.1673438,-0.2528417,-0.4366779,0.7352865,-0.1671473,-0.4906403,
0.02404993,0.167336,-0.2528411,-0.4367297,0.7353054,-0.1671132,-0.4905776,
0.02404752,0.1673402,-0.2528436,-0.4367263,0.7352925,-0.1671324,-0.4905934,
0.0240509,0.1673442,-0.2528467,-0.4366688,0.7353044,-0.1671203,-0.490631,
0.02404859,0.167344,-0.2528462,-0.4367303,0.735289,-0.1671154,-0.4906009,
0.02405163,0.167341,-0.2528418,-0.4366663,0.7353131,-0.1671066,-0.4906249,
0.02404952,0.1673457,-0.2528511,-0.4367208,0.7352933,-0.1671211,-0.490601,
0.02404987,0.1673525,-0.2528511,-0.4366655,0.7353074,-0.1671059,-0.4906342,
0.02405166,0.1673578,-0.2528589,-0.4366768,0.7353081,-0.1670937,-0.4906273,
0.02405202,0.1673235,-0.2528295,-0.4367224,0.7352952,-0.1671274,-0.4905945,
0.02405112,0.1673398,-0.2528406,-0.4367542,0.7352881,-0.1670969,-0.4905872,
0.02405269,0.1673316,-0.2528344,-0.4366808,0.7353095,-0.16712,-0.4906125,
0.02405214,0.1673189,-0.2528201,-0.4366662,0.7353128,-0.1671321,-0.4906166,
0.02404818,0.1673332,-0.252839,-0.4367298,0.7352958,-0.1671444,-0.4905813,
0.02405046,0.1673359,-0.252837,-0.4367084,0.7353013,-0.1671512,-0.4905897,
0.02405648,0.1673382,-0.2528377,-0.4366554,0.7352989,-0.1671246,-0.4906497,
0.02405234,0.1673266,-0.2528262,-0.4366866,0.7353041,-0.1671291,-0.4906125,
0.02405156,0.1673581,-0.2528535,-0.4366345,0.735316,-0.1671298,-0.4906408,
0.02405436,0.1673302,-0.2528254,-0.4366658,0.7352988,-0.1671347,-0.490637,
0.0240561,0.1673324,-0.2528242,-0.4366382,0.7353262,-0.1671122,-0.4906282,
0.02405168,0.1673359,-0.2528347,-0.4366885,0.7352891,-0.167156,-0.4906242,
0.02405232,0.1673347,-0.252833,-0.4366705,0.7352998,-0.1671313,-0.4906325,
0.02405247,0.1673418,-0.2528408,-0.4366634,0.7352966,-0.1671455,-0.4906388,
0.02405317,0.1673381,-0.2528324,-0.4366839,0.7352953,-0.1671432,-0.4906233,
0.02405458,0.1673236,-0.2528225,-0.4366697,0.7352898,-0.1671616,-0.4906379,
0.02405003,0.1673283,-0.2528277,-0.4366899,0.7353131,-0.1671227,-0.4905982,
0.02405242,0.1673351,-0.2528315,-0.4366651,0.7353022,-0.1671576,-0.4906247,
0.02405233,0.167339,-0.2528358,-0.4366715,0.7352971,-0.1671128,-0.490642,
0.02405094,0.1673322,-0.2528341,-0.4366474,0.735325,-0.167129,-0.4906161,
0.02405486,0.1673315,-0.2528217,-0.4366574,0.7353147,-0.1671211,-0.4906252,
0.02405343,0.1673452,-0.252841,-0.4366704,0.7353088,-0.1671306,-0.4906193,
0.02405597,0.167333,-0.2528338,-0.4366636,0.7353106,-0.167114,-0.4906284,
0.02405394,0.1673436,-0.2528414,-0.4366856,0.7352962,-0.1671264,-0.4906262,
0.02405398,0.1673381,-0.2528378,-0.4366854,0.7353078,-0.1671062,-0.4906159,
0.02405652,0.1673234,-0.252819,-0.4366425,0.7353048,-0.1671227,-0.4906528,
0.02405471,0.1673323,-0.2528261,-0.4366323,0.7353094,-0.1671575,-0.4906432,
0.02404962,0.1673371,-0.2528397,-0.4367147,0.7352965,-0.167135,-0.4905968,
0.02405489,0.1673349,-0.2528308,-0.4366509,0.7353089,-0.1671186,-0.4906406,
0.02405051,0.1673278,-0.2528293,-0.4367175,0.7352828,-0.1671429,-0.4906123,
0.0240492,0.1673375,-0.2528382,-0.4366927,0.7353076,-0.1671291,-0.4906017,
0.02405464,0.1673342,-0.2528346,-0.4366523,0.735308,-0.1671484,-0.4906306,
0.02405355,0.1673405,-0.2528353,-0.4366803,0.7352948,-0.1671328,-0.4906308,
0.02405265,0.1673362,-0.2528273,-0.4366378,0.7353017,-0.167153,-0.4906512,
0.02404758,0.1673479,-0.2528501,-0.4366788,0.7353085,-0.1671259,-0.490614,
0.02405033,0.1673363,-0.2528391,-0.4366887,0.7352936,-0.167145,-0.490621,
0.02404852,0.1673505,-0.2528508,-0.4366861,0.7353149,-0.1670994,-0.4906069,
